BORROWER	1	2CAAD779FD53E84BAC4B751653505D24741E4C77A9AA701A238BACAC35CA7EB3	1|ACME INDUSTRIAL SUPPLY LLC|84-1234567|742|310000.00|12|2012-03-14 00:00:00
BORROWER	2	309FF17D86A2A78D8740785FAF83865C253727A3CA226A0527BE62320F514B1B	2|BLUE HARBOR SEAFOOD CO|84-2345678|688|145000.00|7|2015-07-02 00:00:00
BORROWER	3	5A20A4E2FE8E085B5CAAC7235A663FB66BB19A7806118EF29BC8F383D81ED2F0	3|CASCADE PRECISION MACHINING|84-3456789|731|82000.00|15|2010-11-20 00:00:00
BORROWER	4	E2E8BD12EC1FC0498E1B837D75C89376B08EB9036BF02310CD48430AEB8EF5FC	4|DELTA LOGISTICS PARTNERS|84-4567890|655|21000.00|3|2019-01-08 00:00:00
BORROWER	5	BFCAF8A8BE748A96C45BE0E8352F60B96A6BE16A29048B4B90CE7DBC54D3BF6F	5|EVERGREEN DENTAL GROUP|84-5678901|778|505000.00|9|2013-05-30 00:00:00
BORROWER	6	F64B5D5EE6ADB233649E570ED0343F2499B99EA2A4472239D43A9015CBE42BD6	6|FOUNDRY COFFEE ROASTERS|84-6789012|631|12000.00|4|2020-09-17 00:00:00
BORROWER	7	4ABDC082EA5BEDB6DF5ACE37835A43A19BE785E709097506FF4FEB25682A0CCC	7|GRANITE PEAK CONSTRUCTION|84-7890123|702|96000.00|18|2008-02-25 00:00:00
BORROWER	8	63D6DDADC7D7E25685D9C95022F4BAFD4064BD1E90D59FA9B32C311B0B52CCC7	8|HARBORLIGHT MARINE SERVICES|84-8901234|664|54000.00|6|2016-10-04 00:00:00
BORROWER	CHAIN	2FE1C705AFF59D04F8726A4B1BBCBE2D807B77321A009CF4F0FCEF205F9D82D7	row_count=8
LOAN_APPLICATION	1	4C6EAFE36BFE25AB1123FA270700E1023AC3112A8681DC1F9E428220C99039F3	1|1|TERM|450000.00|84|742|0.3120|0.7200|FUNDED|2021-04-12 00:00:00
LOAN_APPLICATION	2	6FB08BB59B00011EBF8C96B456650AB94CD401EE9084C10059DF41D8BC416BFD	2|2|EQUIP|175000.00|60|688|0.3810|0.8100|FUNDED|2022-01-19 00:00:00
LOAN_APPLICATION	3	F498A495DDDDD3DEF1D5DDBE5E904F3DA753647427D3F38474693FB00018FBC6	3|3|TERM|820000.00|120|731|0.2950|0.6400|FUNDED|2020-08-03 00:00:00
LOAN_APPLICATION	4	910D95797431EF3781F9FB0CA448BFAC927E149C468B73A7462867BBEB4ED9BC	4|5|LOC|250000.00|36|778|0.2210|0.5500|FUNDED|2023-02-27 00:00:00
LOAN_APPLICATION	5	55EFD7CB142C6FAA0FC45BB128E8340E0FBF416816AD535E455A40CC8B640EA9	5|7|EQUIP|310000.00|72|702|0.4020|0.7900|FUNDED|2021-11-15 00:00:00
LOAN_APPLICATION	6	FCC9EDCB2F207C4E61393D8B82B12630EF2045DF37935EAEAEB36B5582A7AB95	6|4|TERM|95000.00|48|655|0.4380|0.8800|DECLINED|2023-06-08 00:00:00
LOAN_APPLICATION	7	E337FA9732671FBF39396EF65A0178E593D2854CB1E0BD723A7871BA7D7E25B8	7|8|TERM|140000.00|60|664|0.3650|0.8300|SUBMITTED|2024-01-22 00:00:00
LOAN_APPLICATION	CHAIN	4D76F7AC3792F531D14B1CC30237FC4F23A7E45FE07533DFA431913C061FDCA3	row_count=7
LOAN	1	DFFA2510AD0A85811453295FD88F0E21963C26F526AF9FE3BDAF53BDEF2C0F84	1|1|1|TERM|450000.00|7.250|84|4500.00|2021-04-30 00:00:00|ACTIVE
LOAN	2	818A5AD2DD812F21154756A6961BFFE077C47A4E09FD25196F5A995F2F256739	2|2|2|EQUIP|175000.00|8.150|60|2187.50|2022-02-01 00:00:00|ACTIVE
LOAN	3	B8D7335B31672A9E6B06978A2902E49437B7BE766F1931F307947C596CC48B93	3|3|3|TERM|820000.00|6.350|120|8200.00|2020-08-20 00:00:00|ACTIVE
LOAN	4	374E4A8CB01D24650B5E2E2031D9122B9A6608D57D707B71F30C8DC36A1EA9E6	4|4|5|LOC|250000.00|7.000|36|1875.00|2023-03-10 00:00:00|ACTIVE
LOAN	5	F0BA27B95A0FADA55EE0F4A2ECB9B95CF5485AC93DB2863301AD6E27E05F5125	5|5|7|EQUIP|310000.00|8.300|72|3875.00|2021-12-01 00:00:00|ACTIVE
LOAN	CHAIN	7183088F01A3DE941EEE16EFC955E3635EECA910917975FAC464190913D36276	row_count=5
PAYMENT_SCHEDULE	1	36F0DBE43DC88209B292D993FB8D2B236CF7FB9BC242A0C37F5E5B002BB01B4E	1|1|2021-05-31 00:00:00|6846.83|2718.75|4128.08|445871.92
PAYMENT_SCHEDULE	2	03F7085A4FE33D86CCB7DCE1861BB8423C3F2F4DEE404717A6F7622DBC29EAAC	1|2|2021-06-30 00:00:00|6846.83|2693.81|4153.02|441718.90
PAYMENT_SCHEDULE	3	BA280CEB9A6DFA2342C9521C9EBE34F6E4E8BBFE9038EA3A85C66E536281B2EC	1|3|2021-07-31 00:00:00|6846.83|2668.72|4178.11|437540.79
PAYMENT_SCHEDULE	4	61030D045AF544BDED69D8EE55CAC620CCCAD1AC29E9707182A04D63F51F4682	1|4|2021-08-31 00:00:00|6846.83|2643.48|4203.35|433337.44
PAYMENT_SCHEDULE	5	A10FB2540ADDED20B95558791B172768E31FF785DA865FC0FACED6A7142BED45	1|5|2021-09-30 00:00:00|6846.83|2618.08|4228.75|429108.69
PAYMENT_SCHEDULE	6	079769A4F55C2E94B9033AC85F4047EEF924A43D652F5C13D73ED52A6120D841	1|6|2021-10-31 00:00:00|6846.83|2592.53|4254.30|424854.39
PAYMENT_SCHEDULE	7	71BCAF32E0667943E74C5E3DB217EA0040A27CE26A369A7BA5BAAA63CEDB6F76	1|7|2021-11-30 00:00:00|6846.83|2566.83|4280.00|420574.39
PAYMENT_SCHEDULE	8	008482C5ECE18EFA559B2725009D25D52209C332BF1E173E088E1000324616B5	1|8|2021-12-31 00:00:00|6846.83|2540.97|4305.86|416268.53
PAYMENT_SCHEDULE	9	5451E6FF901AE95A393C35A98D71B77B2489E1C0DAF76B1D3FABA937CC6CE886	1|9|2022-01-31 00:00:00|6846.83|2514.96|4331.87|411936.66
PAYMENT_SCHEDULE	10	E46F695D52C295AC81E6CA119B7E8A0BFF535A27D2946CED0B74C2D954D281E2	1|10|2022-02-28 00:00:00|6846.83|2488.78|4358.05|407578.61
PAYMENT_SCHEDULE	11	F2A952BF7160458FF4FC3E76F1DF4F9CD945DBBC9DFBF0FA1DF2FA0E2614C0F2	1|11|2022-03-31 00:00:00|6846.83|2462.45|4384.38|403194.23
PAYMENT_SCHEDULE	12	1B584CCF6C95B375A517C981378847C73E4A43DFD3FA18B1453A7BABE01C0189	1|12|2022-04-30 00:00:00|6846.83|2435.97|4410.86|398783.37
PAYMENT_SCHEDULE	13	F0567E11856D5837BB580FE7C41CDEB0E29E46D2D653B7AF86F4ED5CBAE5260F	1|13|2022-05-31 00:00:00|6846.83|2409.32|4437.51|394345.86
PAYMENT_SCHEDULE	14	B95F686F387D8612F318D5D88C959FD836DFB2BBE7A419F2D100D4BA77ACC192	1|14|2022-06-30 00:00:00|6846.83|2382.51|4464.32|389881.54
PAYMENT_SCHEDULE	15	E15054E0DDFFC8F587BABB7FFEEACB878045C904B25A369C71059087FEA5C323	1|15|2022-07-31 00:00:00|6846.83|2355.53|4491.30|385390.24
PAYMENT_SCHEDULE	16	6F2CFCB6C33C2C7BFB6B504886ECC57007AF1CD8DC3C42830EB91C96F12AC996	1|16|2022-08-31 00:00:00|6846.83|2328.40|4518.43|380871.81
PAYMENT_SCHEDULE	17	E5E605769266DEE235D815271C1169FDD3401777608AC17AA9A35B8AB1D9C322	1|17|2022-09-30 00:00:00|6846.83|2301.10|4545.73|376326.08
PAYMENT_SCHEDULE	18	8E9843636E9EDB77F027AB3EF5C33E9DDE92870BDC1E1FFB548F6FFFA67949C7	1|18|2022-10-31 00:00:00|6846.83|2273.64|4573.19|371752.89
PAYMENT_SCHEDULE	19	5C7A1F70EC3E2F3E404A1D54D89DBA04E5D55CD11051A9BE6633C38063318894	1|19|2022-11-30 00:00:00|6846.83|2246.01|4600.82|367152.07
PAYMENT_SCHEDULE	20	62B66B6D72B0176115947FBF0F1BA912C37396A59C1982776CC0FEDF0F64A5E9	1|20|2022-12-31 00:00:00|6846.83|2218.21|4628.62|362523.45
PAYMENT_SCHEDULE	21	131DB8E6443DEF7ED925B234F87B5D3EB87DAA28B4A9DF260AAD5BBD6DC73C44	1|21|2023-01-31 00:00:00|6846.83|2190.25|4656.58|357866.87
PAYMENT_SCHEDULE	22	D472F181C6E685F234C952BF1D8E29AA9EC3DACF452A650B0CBCB428CC512276	1|22|2023-02-28 00:00:00|6846.83|2162.11|4684.72|353182.15
PAYMENT_SCHEDULE	23	2453AC2DC30A55378AFDADD4A1F31D614A3F7B5D5827BF54F4594C056FF3352C	1|23|2023-03-31 00:00:00|6846.83|2133.81|4713.02|348469.13
PAYMENT_SCHEDULE	24	7934D9BDC3874FD120614D1F98DD9891CC405864ACE264E3A5D366C220349A95	1|24|2023-04-30 00:00:00|6846.83|2105.33|4741.50|343727.63
PAYMENT_SCHEDULE	25	E0B0E9177A508315167597B49BCFA71EAB392CF58F1939CE0EA3DB5B62C834D7	1|25|2023-05-31 00:00:00|6846.83|2076.69|4770.14|338957.49
PAYMENT_SCHEDULE	26	83A563780D243B941829598B7964DCD66E494C0CBF94AD55ACA3319A86F4E728	1|26|2023-06-30 00:00:00|6846.83|2047.87|4798.96|334158.53
PAYMENT_SCHEDULE	27	5FD3E2B31DD07FE1BFD3CFB8986FD1F658EED5A8DC5E437F220CEAEB9E0C4FFF	1|27|2023-07-31 00:00:00|6846.83|2018.87|4827.96|329330.57
PAYMENT_SCHEDULE	28	6D0D3C53751DE1AE02DCF62E404DBE001934966022BC2866FB59C2EF7762DD25	1|28|2023-08-31 00:00:00|6846.83|1989.71|4857.12|324473.45
PAYMENT_SCHEDULE	29	4A78AFF33F37F301B7E164E7A310771484A421E98252635563E8B01B746F4D60	1|29|2023-09-30 00:00:00|6846.83|1960.36|4886.47|319586.98
PAYMENT_SCHEDULE	30	EC32D008A2CE0E406CD68C1D4BDFFD5D2E0A997AFC32E8E6A56496EEE9C0C413	1|30|2023-10-31 00:00:00|6846.83|1930.84|4915.99|314670.99
PAYMENT_SCHEDULE	31	2C541F071F9BD03BE2CFDE59D6AC638F67F75BC708298E437327B10F48DAB16B	1|31|2023-11-30 00:00:00|6846.83|1901.14|4945.69|309725.30
PAYMENT_SCHEDULE	32	470A370297E09C4AE82AD2D1111AE1D090EEC3E17B06810BDFD0942F56E95011	1|32|2023-12-31 00:00:00|6846.83|1871.26|4975.57|304749.73
PAYMENT_SCHEDULE	33	12EBECF311CB785E2F7A18F772F0E4C5240A1E4D3217911E7E96132D14FE06CA	1|33|2024-01-31 00:00:00|6846.83|1841.20|5005.63|299744.10
PAYMENT_SCHEDULE	34	89C668640445FC428FFB04786CE3DCD1AF68D1FF256471E9BFE2729C72CB28B1	1|34|2024-02-29 00:00:00|6846.83|1810.95|5035.88|294708.22
PAYMENT_SCHEDULE	35	7F0449FC65A9B3B30BDCCD8350D21D78372FBB359029E69132753A77AD8235EA	1|35|2024-03-31 00:00:00|6846.83|1780.53|5066.30|289641.92
PAYMENT_SCHEDULE	36	875AE48F4F5D8C049EC792661A1288913CE1227E62B7D48ABCB87323720D0B84	1|36|2024-04-30 00:00:00|6846.83|1749.92|5096.91|284545.01
PAYMENT_SCHEDULE	37	9CD53DD469EE4751EEA4B6B9C040B2D66E2A28A06C648C10B8CC0EB01686030F	1|37|2024-05-31 00:00:00|6846.83|1719.13|5127.70|279417.31
PAYMENT_SCHEDULE	38	3FD20FDF3061E4807F120269845401808FC100DAAA6D54F15521C10A5E155573	1|38|2024-06-30 00:00:00|6846.83|1688.15|5158.68|274258.63
PAYMENT_SCHEDULE	39	239C2565BEB353DFD71770737C5496ACE3360165B967A54918EE60DFF18EE927	1|39|2024-07-31 00:00:00|6846.83|1656.98|5189.85|269068.78
PAYMENT_SCHEDULE	40	1450BC5B9F20E51EBED3E7EF10F8C00F9BEC0A7987667F07BDD1CBC271A50ED6	1|40|2024-08-31 00:00:00|6846.83|1625.62|5221.21|263847.57
PAYMENT_SCHEDULE	41	D9A9113F71C0F6A12329256C67E2219DCA16CB72FC7153CE0CE5500D775E54C4	1|41|2024-09-30 00:00:00|6846.83|1594.08|5252.75|258594.82
PAYMENT_SCHEDULE	42	11B7B73DF2C142FA3CE1346855E12F6E1560420F951192DA4D81428B2E119981	1|42|2024-10-31 00:00:00|6846.83|1562.34|5284.49|253310.33
PAYMENT_SCHEDULE	43	0D36F88192AECEF5655F99575290456EC591EC01138EC3DBE50852DA1A64703E	1|43|2024-11-30 00:00:00|6846.83|1530.42|5316.41|247993.92
PAYMENT_SCHEDULE	44	6F9D667E8003079730B03C958FB69DA5D39498BF560072CD45A704C7AE320849	1|44|2024-12-31 00:00:00|6846.83|1498.30|5348.53|242645.39
PAYMENT_SCHEDULE	45	5DE5A873DBD7FC0C04EE0E2842063293EA16CBED7A41D09A5E4CB5E1886B1616	1|45|2025-01-31 00:00:00|6846.83|1465.98|5380.85|237264.54
PAYMENT_SCHEDULE	46	2DE69476F47B104F191C46E6CEE7C52CA211B2549223A3EFE0F19A60AA2181D6	1|46|2025-02-28 00:00:00|6846.83|1433.47|5413.36|231851.18
PAYMENT_SCHEDULE	47	21DB7295076E919BC3D7ABA0AFC675E4EA9CA3009BB931CA7669BC64EAEFBF36	1|47|2025-03-31 00:00:00|6846.83|1400.77|5446.06|226405.12
PAYMENT_SCHEDULE	48	F60218AAED03991E564BDA9BA56BA9685C21E5EEEEAE922AB40B940469622EF6	1|48|2025-04-30 00:00:00|6846.83|1367.86|5478.97|220926.15
PAYMENT_SCHEDULE	49	CCC87E66F03EA94D2A6761AF0862D01F803292054CF5A812A039E567A3E1BF7E	1|49|2025-05-31 00:00:00|6846.83|1334.76|5512.07|215414.08
PAYMENT_SCHEDULE	50	028053A373967F722F7FA8ED64B3CF9CE968FEC42970488DE19D4F7781CA88A8	1|50|2025-06-30 00:00:00|6846.83|1301.46|5545.37|209868.71
PAYMENT_SCHEDULE	51	41F129F4E35F571C4B52E9D17FEA8921402A8410FE6ADC534BE30957A720A6C3	1|51|2025-07-31 00:00:00|6846.83|1267.96|5578.87|204289.84
PAYMENT_SCHEDULE	52	A9FF21AFB7B6ADACAF761C826779F3B0453810A7811FBD663212AC6540EB6742	1|52|2025-08-31 00:00:00|6846.83|1234.25|5612.58|198677.26
PAYMENT_SCHEDULE	53	B304A82706011F4A88436F021C83F4056F6F62676C122B4EA9AB90EE8B0C27BC	1|53|2025-09-30 00:00:00|6846.83|1200.34|5646.49|193030.77
PAYMENT_SCHEDULE	54	F65A8E478154060E89807D788AF217753CCC3D26A581C1AF0E6E6D7ED0C85FCB	1|54|2025-10-31 00:00:00|6846.83|1166.23|5680.60|187350.17
PAYMENT_SCHEDULE	55	F788DE39F98C10AC20C81CFB40DACABB7843F2761496210EF7D2FCFA0D0B33C4	1|55|2025-11-30 00:00:00|6846.83|1131.91|5714.92|181635.25
PAYMENT_SCHEDULE	56	8D4EA141882365ED39AB86E50A89D5ADA98E06ED05B6B0DBB22182C8CA283191	1|56|2025-12-31 00:00:00|6846.83|1097.38|5749.45|175885.80
PAYMENT_SCHEDULE	57	653A2B96E0605BD73D77873BCC57C9FB5DCEBE38A557900DF04F4C167593BAE1	1|57|2026-01-31 00:00:00|6846.83|1062.64|5784.19|170101.61
PAYMENT_SCHEDULE	58	600AA7AFE6CE0BCCEA607806EA4342E066F046BDFAA2D6DD1DF323DCF70DC627	1|58|2026-02-28 00:00:00|6846.83|1027.70|5819.13|164282.48
PAYMENT_SCHEDULE	59	5A09E608A6979588B275AA93B7D47855BFDD391845A3BD2F129EC8BFBAA8F9F9	1|59|2026-03-31 00:00:00|6846.83|992.54|5854.29|158428.19
PAYMENT_SCHEDULE	60	0EA9F14F12891F25D5555A43267B8D2BADD19601E4B0701554B043BA6706A27E	1|60|2026-04-30 00:00:00|6846.83|957.17|5889.66|152538.53
PAYMENT_SCHEDULE	61	CFC2D4313273D2DEE57CA068B7E7C4140BFC8D70DCFC130945A8EB2BCD3FF32A	1|61|2026-05-31 00:00:00|6846.83|921.59|5925.24|146613.29
PAYMENT_SCHEDULE	62	F3B671FDEEB58AD012525DB189FD306D1D16B0ED42D57125FFF8382C946E7730	1|62|2026-06-30 00:00:00|6846.83|885.79|5961.04|140652.25
PAYMENT_SCHEDULE	63	29EA6A81A0C949681A81B8046503FCB7FB4E1DDD6F706AB100CBD2B4C033AF53	1|63|2026-07-31 00:00:00|6846.83|849.77|5997.06|134655.19
PAYMENT_SCHEDULE	64	9089F735DD2A1970CF06B2736A44C196D9142E4D55EAAA90E1A770C4F0CA56F0	1|64|2026-08-31 00:00:00|6846.83|813.54|6033.29|128621.90
PAYMENT_SCHEDULE	65	313A9B24F126F4D4B3FD1FFD936013729317DD4A570B5DA2F0D11B9A4E5048B0	1|65|2026-09-30 00:00:00|6846.83|777.09|6069.74|122552.16
PAYMENT_SCHEDULE	66	387FCEF979C377B596E7D3718418730EBFFFE22F36E904D671847B66F5EB66F4	1|66|2026-10-31 00:00:00|6846.83|740.42|6106.41|116445.75
PAYMENT_SCHEDULE	67	1B353C9EE3E216C34A7FED126E63D3542EE26E37D141EE6D231BB68914FD2CA1	1|67|2026-11-30 00:00:00|6846.83|703.53|6143.30|110302.45
PAYMENT_SCHEDULE	68	70AF21E7DA05C76C7F6E131E732CAE41F4DB52872CD4F9D26B2CFACC01745A7C	1|68|2026-12-31 00:00:00|6846.83|666.41|6180.42|104122.03
PAYMENT_SCHEDULE	69	2A8A28A1B58C232CDC430662F4BACA98AF6D0F423A3F51A249EA5456AAA5ED38	1|69|2027-01-31 00:00:00|6846.83|629.07|6217.76|97904.27
PAYMENT_SCHEDULE	70	B4E93C6BB8CC82A61159B9E09FB80D9B91FDBA0FE68E175F578A1AA2752AF69A	1|70|2027-02-28 00:00:00|6846.83|591.50|6255.33|91648.94
PAYMENT_SCHEDULE	71	C7F829224FD7B5105282BD0223DEA389088DFD31BF56B1A8747270A6378E1FEF	1|71|2027-03-31 00:00:00|6846.83|553.71|6293.12|85355.82
PAYMENT_SCHEDULE	72	2A34F9396E35A6540E4692C7AF33C513B73D74688F0B91141217A169C654CB36	1|72|2027-04-30 00:00:00|6846.83|515.69|6331.14|79024.68
PAYMENT_SCHEDULE	73	1A8153A61DBC7C81060E380FD691C666CD4EB0E2F5A88135DF16066D0564145D	1|73|2027-05-31 00:00:00|6846.83|477.44|6369.39|72655.29
PAYMENT_SCHEDULE	74	F656D40E64B56A87C40C1C38079B3F14F7F9A673D20CF9450AE2BDF038CD35C3	1|74|2027-06-30 00:00:00|6846.83|438.96|6407.87|66247.42
PAYMENT_SCHEDULE	75	03AD60D51D2417D660A6717FDF1F900B74BBD83D5015087D2B8AB9B06246AED5	1|75|2027-07-31 00:00:00|6846.83|400.24|6446.59|59800.83
PAYMENT_SCHEDULE	76	AAA83AADA295D6A9EAAE9E36A79799984954D4E4600FEAC1F584E1158FC12140	1|76|2027-08-31 00:00:00|6846.83|361.30|6485.53|53315.30
PAYMENT_SCHEDULE	77	1FD0EC1B24FD81A5F6C25C133D173F507B96EE5164516F945EE4FFAAECC4AFF4	1|77|2027-09-30 00:00:00|6846.83|322.11|6524.72|46790.58
PAYMENT_SCHEDULE	78	2C0368B564B4963DF15C3EB5CC89BD59071E604B3B70367FCFF3CE9EFF4483FF	1|78|2027-10-31 00:00:00|6846.83|282.69|6564.14|40226.44
PAYMENT_SCHEDULE	79	45BEED04FA4F344E3F3570C6EFE045A5BFC274569D4705FA9B41F969C505AC0E	1|79|2027-11-30 00:00:00|6846.83|243.03|6603.80|33622.64
PAYMENT_SCHEDULE	80	10592BEE8ECE53762BB2783D6044B49322CFA791EBF8678C939CF8B5BFD10C77	1|80|2027-12-31 00:00:00|6846.83|203.14|6643.69|26978.95
PAYMENT_SCHEDULE	81	F42D90D1103930C4414DC249055974B442B4471493E719BF830ADE845D65DC5A	1|81|2028-01-31 00:00:00|6846.83|163.00|6683.83|20295.12
PAYMENT_SCHEDULE	82	475B1C8C02C89F4062EB08DD0C3BF55CBBECCBFD494361BBB8DD00B4AE06CA0D	1|82|2028-02-29 00:00:00|6846.83|122.62|6724.21|13570.91
PAYMENT_SCHEDULE	83	D6E8B0A4A98D4BB2C3D1691F5D33EFB3591361F0D549221E21C9F72AE0F9F626	1|83|2028-03-31 00:00:00|6846.83|81.99|6764.84|6806.07
PAYMENT_SCHEDULE	84	9D4EE23A47350A820AFEC6BFBC56D4EDDC95E30EAB665F513FCBEE334F2B5F37	1|84|2028-04-30 00:00:00|6847.19|41.12|6806.07|0.00
PAYMENT_SCHEDULE	85	4135490592E2E59299F2B4AA76E56862ACD2B984C5166B63BC5FDC36FA9E2396	2|1|2022-03-01 00:00:00|3560.95|1188.54|2372.41|172627.59
PAYMENT_SCHEDULE	86	708FD988E484108C3571693585C93E6F9856D764E5C5F6153C370B99A8012A9A	2|2|2022-04-01 00:00:00|3560.95|1172.43|2388.52|170239.07
PAYMENT_SCHEDULE	87	E93A455D5C073A71A780B2CF27214684A1C38CFD4880E1606BCDD7B068B6915A	2|3|2022-05-01 00:00:00|3560.95|1156.21|2404.74|167834.33
PAYMENT_SCHEDULE	88	A90653BEB7C486C22211C1478D298337AA93C2A6AB39F3A54512068F2293B0D2	2|4|2022-06-01 00:00:00|3560.95|1139.87|2421.08|165413.25
PAYMENT_SCHEDULE	89	7FDA3F881676C23DBCDB7EC4A289EB23EF499E86BE1C06447D6EBDC441024A0A	2|5|2022-07-01 00:00:00|3560.95|1123.43|2437.52|162975.73
PAYMENT_SCHEDULE	90	285FC220D435A4243D20A0B2E7C8D0B2E75E612A224F9B034E91C7C7C5F0B0FE	2|6|2022-08-01 00:00:00|3560.95|1106.88|2454.07|160521.66
PAYMENT_SCHEDULE	91	7C828F8FC81F6556BC04E5A4F78819A1BAAFD2C8FC2EDD551A2A0E370B260587	2|7|2022-09-01 00:00:00|3560.95|1090.21|2470.74|158050.92
PAYMENT_SCHEDULE	92	29DDA97B77887B325BB29CC28C5760BBA1230004DF15C6C7FDF3615002D78BA1	2|8|2022-10-01 00:00:00|3560.95|1073.43|2487.52|155563.40
PAYMENT_SCHEDULE	93	3F8CA8F5E8A0A089E063F8686C5A9D948043B68DA80F5FCC30ED4F92F4778AB6	2|9|2022-11-01 00:00:00|3560.95|1056.53|2504.42|153058.98
PAYMENT_SCHEDULE	94	B4805C7AFB907AB5B5A35657682DE43A9E9A83E9DFC1AE1ECA78B3845AB42DDC	2|10|2022-12-01 00:00:00|3560.95|1039.53|2521.42|150537.56
PAYMENT_SCHEDULE	95	9B1C6A3541061CCF8C8FF3A3610BB11E18E4DA5CA9CFB55E4BB2CC0E5077997D	2|11|2023-01-01 00:00:00|3560.95|1022.40|2538.55|147999.01
PAYMENT_SCHEDULE	96	2745DD6FE4C7E83046FB50F22962CB9B2458F583912E9810B95EEDED9A881755	2|12|2023-02-01 00:00:00|3560.95|1005.16|2555.79|145443.22
PAYMENT_SCHEDULE	97	3DC2D96B3A63A705BF2AB90E8BB74571F050C9CFE2BCB2695E6A565CDBFDB80B	2|13|2023-03-01 00:00:00|3560.95|987.80|2573.15|142870.07
PAYMENT_SCHEDULE	98	CD7D417C872A05BFB4EB409D0295F8850E0FB5F9779D478132F95ECBAB040EC0	2|14|2023-04-01 00:00:00|3560.95|970.33|2590.62|140279.45
PAYMENT_SCHEDULE	99	07D01D104F27C49B3D9CF6ED68D32DA68B03FD03031442DECF118C8B68E6F995	2|15|2023-05-01 00:00:00|3560.95|952.73|2608.22|137671.23
PAYMENT_SCHEDULE	100	C35C419921E03637DD158593C8221A39A7633F9F5E43F5D3FC57B5A01504B6D2	2|16|2023-06-01 00:00:00|3560.95|935.02|2625.93|135045.30
PAYMENT_SCHEDULE	101	C14DDBB319F9DF6BDD58B06B4B6846669394DB2F59EAE947CBA561F899CAEC37	2|17|2023-07-01 00:00:00|3560.95|917.18|2643.77|132401.53
PAYMENT_SCHEDULE	102	29AF92880CCFBDEF7665AED1F99F7B3B11510BCC9A682F2C5C86C09439919954	2|18|2023-08-01 00:00:00|3560.95|899.23|2661.72|129739.81
PAYMENT_SCHEDULE	103	1E48B481ADFB09BB9BCFBC6F450D3FDE6D73FEF9F8827DAEB67E7156B4E617AF	2|19|2023-09-01 00:00:00|3560.95|881.15|2679.80|127060.01
PAYMENT_SCHEDULE	104	30ECB77129CE5A7352A307CB55107A81F19B47195FC5172A5D049AB4E41ED3FF	2|20|2023-10-01 00:00:00|3560.95|862.95|2698.00|124362.01
PAYMENT_SCHEDULE	105	7C1092DCEC1B120DCC1953B42B02C3D2CB8360B865FF3A3C2B1DD782224F7242	2|21|2023-11-01 00:00:00|3560.95|844.63|2716.32|121645.69
PAYMENT_SCHEDULE	106	9AD7D8C1CA8001E57708799BA8BD105E557897CAF8E6B3CBBE1824BAFF47E9AD	2|22|2023-12-01 00:00:00|3560.95|826.18|2734.77|118910.92
PAYMENT_SCHEDULE	107	DBEEB62D22DD4443A8668D8F2DCDF4B347027A0DCA790E4FE93683E391CE4E70	2|23|2024-01-01 00:00:00|3560.95|807.60|2753.35|116157.57
PAYMENT_SCHEDULE	108	59AC60C53C4D7E5861F550A8409F68684DC21F648FE47658CA2C95624B9AD3D0	2|24|2024-02-01 00:00:00|3560.95|788.90|2772.05|113385.52
PAYMENT_SCHEDULE	109	024D56A65A71877AED731F5E88C46427300FCD5071653BA50839FFFF68F0F67D	2|25|2024-03-01 00:00:00|3560.95|770.08|2790.87|110594.65
PAYMENT_SCHEDULE	110	1CDBA7773B341799550E5F48EB6BBB1D0B45ED5075561519275E3C8664CE93AB	2|26|2024-04-01 00:00:00|3560.95|751.12|2809.83|107784.82
PAYMENT_SCHEDULE	111	74AB3C0976969E1FB98A148FBF9BEAAE67CE391977BC07B37F6FABF0F565AFF6	2|27|2024-05-01 00:00:00|3560.95|732.04|2828.91|104955.91
PAYMENT_SCHEDULE	112	98B8203295EEC3AC30FF5B9AD7615C867B358E99F60C484D8A91BE0F752029EB	2|28|2024-06-01 00:00:00|3560.95|712.83|2848.12|102107.79
PAYMENT_SCHEDULE	113	E8B82A4D6A7B074F6E45B7D0C48329D9209DF08564274C1B1D884673FB3EFB61	2|29|2024-07-01 00:00:00|3560.95|693.48|2867.47|99240.32
PAYMENT_SCHEDULE	114	B4FADF07BEAE5F6E989A629B042CDA70420135DFEE59FB21085321ED57A8DB0A	2|30|2024-08-01 00:00:00|3560.95|674.01|2886.94|96353.38
PAYMENT_SCHEDULE	115	2215972AA882E228E0563C75651A3470C68D4A0D13C1722681741173ABC49DC4	2|31|2024-09-01 00:00:00|3560.95|654.40|2906.55|93446.83
PAYMENT_SCHEDULE	116	8072A4C9D38ED1D38AD75444F439FF7D0BC00FACB4A353B95D91115D19516310	2|32|2024-10-01 00:00:00|3560.95|634.66|2926.29|90520.54
PAYMENT_SCHEDULE	117	11399D807D092C2DF93C80E894307D87B7C4BA27E93D4486DFE50B652591A4E1	2|33|2024-11-01 00:00:00|3560.95|614.79|2946.16|87574.38
PAYMENT_SCHEDULE	118	CA094E93308DC85CE76F09E8F34E5E75EAC5FFE3C0364ABD40BA4A08670A5B9F	2|34|2024-12-01 00:00:00|3560.95|594.78|2966.17|84608.21
PAYMENT_SCHEDULE	119	8C4C17C77A018B79BA3C0328EC08F2C94659634EA0C615FA9B5DB7632D39694E	2|35|2025-01-01 00:00:00|3560.95|574.63|2986.32|81621.89
PAYMENT_SCHEDULE	120	786BDC0431FCF0F22C056A2D0B06E5120425E122BEFF6AEE36F0044C193E30C7	2|36|2025-02-01 00:00:00|3560.95|554.35|3006.60|78615.29
PAYMENT_SCHEDULE	121	75EF9D677F23082165CC89937244155F1C7BAD1007239CE3C9969917C7D45141	2|37|2025-03-01 00:00:00|3560.95|533.93|3027.02|75588.27
PAYMENT_SCHEDULE	122	28F44F752F00BFB1C4CAA59D2B37D570285DE517050C93220A49850A97BF20E5	2|38|2025-04-01 00:00:00|3560.95|513.37|3047.58|72540.69
PAYMENT_SCHEDULE	123	A6878681CDB95F1A8A081247C96AD7B2D1AB7D4C99C51C41B936F8CA8200EDE2	2|39|2025-05-01 00:00:00|3560.95|492.67|3068.28|69472.41
PAYMENT_SCHEDULE	124	ABED90508250B71C824596DB9CB68AA66DFE20347AF1256D7C40FD6FAB7273ED	2|40|2025-06-01 00:00:00|3560.95|471.83|3089.12|66383.29
PAYMENT_SCHEDULE	125	8A9C51B0D09E997CDA75864971E5C19F3961C51A239FB3267ABD68E78B373E85	2|41|2025-07-01 00:00:00|3560.95|450.85|3110.10|63273.19
PAYMENT_SCHEDULE	126	BC49516FBEBA5A11B540EBEF8A7717F4DA0825738728D900CEEA5E8DF743E440	2|42|2025-08-01 00:00:00|3560.95|429.73|3131.22|60141.97
PAYMENT_SCHEDULE	127	4176674C8438DD6F88E9BD3FD214C676E1CF069C1BF74E276E1C08557D37DAFD	2|43|2025-09-01 00:00:00|3560.95|408.46|3152.49|56989.48
PAYMENT_SCHEDULE	128	FDFF2E542C1008134848F2C75C99B334926B9BF62EA640F77FE842996C80C5E6	2|44|2025-10-01 00:00:00|3560.95|387.05|3173.90|53815.58
PAYMENT_SCHEDULE	129	27ECFC0BE63E3682C0873C6E5BCA8FEDCA13146F6559ECC910AE0AFA22A55EBC	2|45|2025-11-01 00:00:00|3560.95|365.50|3195.45|50620.13
PAYMENT_SCHEDULE	130	ED645C05527F63D2F156ED113DA64E98CF77D957CDDB307C0D1F09F1B98E7731	2|46|2025-12-01 00:00:00|3560.95|343.80|3217.15|47402.98
PAYMENT_SCHEDULE	131	2539606D2311FA9536571EBEE4655CBCF7C70F9EB47E82066E93AB86567874AF	2|47|2026-01-01 00:00:00|3560.95|321.95|3239.00|44163.98
PAYMENT_SCHEDULE	132	D393C781039B104F5E89A3566E05F85938CD5563F53FDA449E6706FBB4DA1131	2|48|2026-02-01 00:00:00|3560.95|299.95|3261.00|40902.98
PAYMENT_SCHEDULE	133	60163791D0BA63831912C12CA303CBE68DC9F5223313879BD44940FEDEAAE2E4	2|49|2026-03-01 00:00:00|3560.95|277.80|3283.15|37619.83
PAYMENT_SCHEDULE	134	0C8B65B344230D9718053DC5BA243746889FF36F83D54D40E611941D058D89A1	2|50|2026-04-01 00:00:00|3560.95|255.50|3305.45|34314.38
PAYMENT_SCHEDULE	135	490BFF485A1C873E882AEF48344528E162AC338765EA5C9373713827A647397E	2|51|2026-05-01 00:00:00|3560.95|233.05|3327.90|30986.48
PAYMENT_SCHEDULE	136	C5D06EAD1CF6ABA412E951E672AB135FBEA2C0D27AE752E33A55B10FE8C289F7	2|52|2026-06-01 00:00:00|3560.95|210.45|3350.50|27635.98
PAYMENT_SCHEDULE	137	DA4BCD7F275FA6697D7880697B5523C5E6D5C256FDA3021C9D74A2686A699E22	2|53|2026-07-01 00:00:00|3560.95|187.69|3373.26|24262.72
PAYMENT_SCHEDULE	138	3BB67C12692954BE6FE8C967F455A9795B1A91FF46E790D4CB51D862E44A2033	2|54|2026-08-01 00:00:00|3560.95|164.78|3396.17|20866.55
PAYMENT_SCHEDULE	139	F0C851E7FB58499A4D707CA94DE8E9123C1EDD4925208242E1108562978EC7AA	2|55|2026-09-01 00:00:00|3560.95|141.72|3419.23|17447.32
PAYMENT_SCHEDULE	140	08D0D24E184672331B9FEC1378A4657AB5AFE974338AE277B3DDAAF96F509E2C	2|56|2026-10-01 00:00:00|3560.95|118.50|3442.45|14004.87
PAYMENT_SCHEDULE	141	5BFB2520A494FC4828BE70F0795D3A6418E48F0FA46D9AC87A3929AA59B9EC05	2|57|2026-11-01 00:00:00|3560.95|95.12|3465.83|10539.04
PAYMENT_SCHEDULE	142	1AC1065550740DF3C5566EE63EECCA40E5058CD9DA7D72825759F000C919676F	2|58|2026-12-01 00:00:00|3560.95|71.58|3489.37|7049.67
PAYMENT_SCHEDULE	143	12F1B42C1603AB5CF31A24DEBCE51BE09C99CEDDB14EBE5AE5ECEA8337BE7059	2|59|2027-01-01 00:00:00|3560.95|47.88|3513.07|3536.60
PAYMENT_SCHEDULE	144	6D6F37829C361C1FA41ECD9F461417D02DD3279ABFD5B19AB67D2F25CAF09E2A	2|60|2027-02-01 00:00:00|3560.62|24.02|3536.60|0.00
PAYMENT_SCHEDULE	145	B5CDE51E63ECC8962D0DB26A4A0092D802387219C6D5AE5616682DE7E7F681BC	3|1|2020-09-20 00:00:00|9248.47|4339.17|4909.30|815090.70
PAYMENT_SCHEDULE	146	26EC6002D04939B9ECAC3D2E4B83D751DB57A80E90B88794BA1B9AB0F2FC6F67	3|2|2020-10-20 00:00:00|9248.47|4313.19|4935.28|810155.42
PAYMENT_SCHEDULE	147	1A8017CC26389DD199F64C503B47EA1BB04D2ACBE0311EC69C2E69BD3EFCE2C8	3|3|2020-11-20 00:00:00|9248.47|4287.07|4961.40|805194.02
PAYMENT_SCHEDULE	148	2491128FF8DDD314BF79D3BAE8A691D9A56D80A596E7560008D7F60B13057772	3|4|2020-12-20 00:00:00|9248.47|4260.82|4987.65|800206.37
PAYMENT_SCHEDULE	149	30C1B6F1CAAB905AA721602A19ED1928A52E468A233A80090B0BD286EB58A11F	3|5|2021-01-20 00:00:00|9248.47|4234.43|5014.04|795192.33
PAYMENT_SCHEDULE	150	D223D89F6432170678505DC92B1FFC90E782EE465AF4C6F6D8512994DA557A99	3|6|2021-02-20 00:00:00|9248.47|4207.89|5040.58|790151.75
PAYMENT_SCHEDULE	151	1E3E498C1EC030326A4D860E20800A2896660302ABA1328DBB9DBBE4580EA32D	3|7|2021-03-20 00:00:00|9248.47|4181.22|5067.25|785084.50
PAYMENT_SCHEDULE	152	658162CF0AF727DEBA380F2C0DD14D7C2B4C7391A5CB5E9EB4876CCAE982CF7D	3|8|2021-04-20 00:00:00|9248.47|4154.41|5094.06|779990.44
PAYMENT_SCHEDULE	153	C988D26CAC62D5606DDDA65965C9E64FFF14170FBEBE4E300EBA8EACF2F253F8	3|9|2021-05-20 00:00:00|9248.47|4127.45|5121.02|774869.42
PAYMENT_SCHEDULE	154	A6F4A5C69BF36EEFED1B7649E3C9577787DC0F1EB9BD065959A885F16B6E6920	3|10|2021-06-20 00:00:00|9248.47|4100.35|5148.12|769721.30
PAYMENT_SCHEDULE	155	B78EDC92976C464D9A99FEB93C0DB9BC7E538DC8B22558F89C4AE417E9DAC570	3|11|2021-07-20 00:00:00|9248.47|4073.11|5175.36|764545.94
PAYMENT_SCHEDULE	156	C677175835BCECB7C0E15B3BF01E9F850C8DF059BFE75472BECA84B5D7AADE98	3|12|2021-08-20 00:00:00|9248.47|4045.72|5202.75|759343.19
PAYMENT_SCHEDULE	157	A808A31B22C7AA18205EF0BB6619660DB171A4F073533A32D92B587C64B8D2A0	3|13|2021-09-20 00:00:00|9248.47|4018.19|5230.28|754112.91
PAYMENT_SCHEDULE	158	216D80C01C582C649136DF7F80BFE174E526DB75D93A4C789157EB7DC875C915	3|14|2021-10-20 00:00:00|9248.47|3990.51|5257.96|748854.95
PAYMENT_SCHEDULE	159	AA295D8830D9041CF32914922C30589A7BC94E952377B169CAF721DF22879BEE	3|15|2021-11-20 00:00:00|9248.47|3962.69|5285.78|743569.17
PAYMENT_SCHEDULE	160	6F4333553BFDD9F283D2BEA6182133609261259D485B6134ECA78694CCA7DDCA	3|16|2021-12-20 00:00:00|9248.47|3934.72|5313.75|738255.42
PAYMENT_SCHEDULE	161	EBF30291617797C16B42DCBA827A49B685882E6AC62EEC45AE4EA6CCDF17591B	3|17|2022-01-20 00:00:00|9248.47|3906.60|5341.87|732913.55
PAYMENT_SCHEDULE	162	598B9C88EF67B622CD31F7A1390C24E1C69AA1A78F04648DE8108587025914D9	3|18|2022-02-20 00:00:00|9248.47|3878.33|5370.14|727543.41
PAYMENT_SCHEDULE	163	3D78E22F236758547F2F25AA9ADA6246DD42A4C53B4B355613783381D2736D53	3|19|2022-03-20 00:00:00|9248.47|3849.92|5398.55|722144.86
PAYMENT_SCHEDULE	164	064F641F74D46301B274DA570D94D2C8023EB02476E69D2F31E56A6055E97B3A	3|20|2022-04-20 00:00:00|9248.47|3821.35|5427.12|716717.74
PAYMENT_SCHEDULE	165	2800F502998C88BBA197B2265C7C664C068618BFE0F80F566F65B0DEEF5F924D	3|21|2022-05-20 00:00:00|9248.47|3792.63|5455.84|711261.90
PAYMENT_SCHEDULE	166	EEE41F08176EBF8831332141715C6B95EE4882C44BFFA68ECF01CA83CEEB6D94	3|22|2022-06-20 00:00:00|9248.47|3763.76|5484.71|705777.19
PAYMENT_SCHEDULE	167	18F1155918B5C6AFC52437FE616F1522B132F42D0EF4A511EF76070E16DA89F1	3|23|2022-07-20 00:00:00|9248.47|3734.74|5513.73|700263.46
PAYMENT_SCHEDULE	168	56C394323F65134EEBD390897F6170F7C2180F1EF6693654067783E076E56C25	3|24|2022-08-20 00:00:00|9248.47|3705.56|5542.91|694720.55
PAYMENT_SCHEDULE	169	1EB996B2312FDD195D51501DE9D79F371C6A7D3685AD70B369D25DA21586085B	3|25|2022-09-20 00:00:00|9248.47|3676.23|5572.24|689148.31
PAYMENT_SCHEDULE	170	8D3D326C14F24543D90F09E038093A64DF3354575344A23F6E1F725327B8C4AB	3|26|2022-10-20 00:00:00|9248.47|3646.74|5601.73|683546.58
PAYMENT_SCHEDULE	171	5918FA08BB571967E7323E96005DB7A0A0C20F0C83ED43F62590A02F455EB128	3|27|2022-11-20 00:00:00|9248.47|3617.10|5631.37|677915.21
PAYMENT_SCHEDULE	172	F94F1D1A158E0E0D933666473930604C36ED9535B8CDBE3F774DA2284439CC10	3|28|2022-12-20 00:00:00|9248.47|3587.30|5661.17|672254.04
PAYMENT_SCHEDULE	173	0BBFDD85C9408997A78E74ABE57BC6DDC0EA874DD479BC45A3178C3B4FFB8472	3|29|2023-01-20 00:00:00|9248.47|3557.34|5691.13|666562.91
PAYMENT_SCHEDULE	174	26FB67102566BFF1E890E9FEB29BEEA211B778089C5548DF909AABFA7BAAE6B9	3|30|2023-02-20 00:00:00|9248.47|3527.23|5721.24|660841.67
PAYMENT_SCHEDULE	175	4F9F5B343B30A4C987F3A8B942408BDD599BA5771221BA050A0D6689449A9149	3|31|2023-03-20 00:00:00|9248.47|3496.95|5751.52|655090.15
PAYMENT_SCHEDULE	176	F98A4D2BC3C1FA1EF88CB978DDF4C1E4A24D24C28BDDF575EBFDCF888E392E35	3|32|2023-04-20 00:00:00|9248.47|3466.52|5781.95|649308.20
PAYMENT_SCHEDULE	177	2C26F37377E96A7DE1D4A3C08942995870066C0258DCF45DEF6A616F6AD01957	3|33|2023-05-20 00:00:00|9248.47|3435.92|5812.55|643495.65
PAYMENT_SCHEDULE	178	A48FA8134F5EACD460C038A6984B6A67CB1D6080E372B9120D481ADEA8657C56	3|34|2023-06-20 00:00:00|9248.47|3405.16|5843.31|637652.34
PAYMENT_SCHEDULE	179	04ACA668B64C382D54274C8FB4432E45D099719945341CB1F911200508B593FB	3|35|2023-07-20 00:00:00|9248.47|3374.24|5874.23|631778.11
PAYMENT_SCHEDULE	180	A26353E6534660B45CF376405709E1FAED2E26ABB9DAF46B96C8B4B834AFF2BC	3|36|2023-08-20 00:00:00|9248.47|3343.16|5905.31|625872.80
PAYMENT_SCHEDULE	181	0E9AD7CBCF0E6174E08103D299AF580629B9D7AD7386EA9902EB11E8657336C9	3|37|2023-09-20 00:00:00|9248.47|3311.91|5936.56|619936.24
PAYMENT_SCHEDULE	182	6C03161289212AF4E85B34C0771F0FA803EB0AD18A09C0BE3F078A5975CC4F15	3|38|2023-10-20 00:00:00|9248.47|3280.50|5967.97|613968.27
PAYMENT_SCHEDULE	183	1FC79892EC8A64DB01267C1F690B1735A527DB6B30F017A6645D6F056FA28920	3|39|2023-11-20 00:00:00|9248.47|3248.92|5999.55|607968.72
PAYMENT_SCHEDULE	184	03095EE43F0A586616CFA462C45AF88B18380B181F3EB71A7331F8E0C0B2162E	3|40|2023-12-20 00:00:00|9248.47|3217.17|6031.30|601937.42
PAYMENT_SCHEDULE	185	AEAFC82A4367CC059E1409292DEF2FC1C08FCEC7A3042AA831E56F65A6AFE6F2	3|41|2024-01-20 00:00:00|9248.47|3185.25|6063.22|595874.20
PAYMENT_SCHEDULE	186	E9051B646726DFF20BA6FF30786F63E7924D8D26C71CEA954C6A847C0A1D049E	3|42|2024-02-20 00:00:00|9248.47|3153.17|6095.30|589778.90
PAYMENT_SCHEDULE	187	846F11F1FFC43922AAB0D685996F1D4ABE4D91C5D9863D780D0BBA8F6A226B6E	3|43|2024-03-20 00:00:00|9248.47|3120.91|6127.56|583651.34
PAYMENT_SCHEDULE	188	3BD0A30E6DFBFE6B2CEAFA4F554F1E55B21F200C2DD32EEAA193C188A805FFA9	3|44|2024-04-20 00:00:00|9248.47|3088.49|6159.98|577491.36
PAYMENT_SCHEDULE	189	0BE06104325CA837A8C7D0F9E52E2B6B3EF6273548F56510C3DD72DB05095786	3|45|2024-05-20 00:00:00|9248.47|3055.89|6192.58|571298.78
PAYMENT_SCHEDULE	190	C1B62C6ACFA80CA3557DB5A654D5F42DBCB40C3D5335E22E66DF747893D4DE2F	3|46|2024-06-20 00:00:00|9248.47|3023.12|6225.35|565073.43
PAYMENT_SCHEDULE	191	F73AC17A924559F700141EBE9FC21CFDB9AF5B509A436F555DEEFFC0FF11FC35	3|47|2024-07-20 00:00:00|9248.47|2990.18|6258.29|558815.14
PAYMENT_SCHEDULE	192	F59D539EFB7E90BEDDD153D216A3E555D3AD6A7C7621D33B3FC1A75A4114D909	3|48|2024-08-20 00:00:00|9248.47|2957.06|6291.41|552523.73
PAYMENT_SCHEDULE	193	8E926B74E9325D478F625BFF0FE36EE1FBD0B47B5A95F9027A0E09B319A21439	3|49|2024-09-20 00:00:00|9248.47|2923.77|6324.70|546199.03
PAYMENT_SCHEDULE	194	CB88DA043A6B616B883CC2FE323616EEA6BF265EDEB11C5D132FCEAF24323ACD	3|50|2024-10-20 00:00:00|9248.47|2890.30|6358.17|539840.86
PAYMENT_SCHEDULE	195	7AD73238F47815BF504693037DAE4622C51D801F662B267E8E99EDDE70EEBEE8	3|51|2024-11-20 00:00:00|9248.47|2856.66|6391.81|533449.05
PAYMENT_SCHEDULE	196	C4F0250EA083C0AD3DD40EE125522F9A42A2D7549F60C92C31009D55905A2B57	3|52|2024-12-20 00:00:00|9248.47|2822.83|6425.64|527023.41
PAYMENT_SCHEDULE	197	B63C6082199B680213BE5B7D6E36C1326EBC8B6F128F56E2A83AA9B35D129CF3	3|53|2025-01-20 00:00:00|9248.47|2788.83|6459.64|520563.77
PAYMENT_SCHEDULE	198	6B28BDC8624599329A0B6D28C4A674504408EAD684028EBC2B51E1A5E52B1052	3|54|2025-02-20 00:00:00|9248.47|2754.65|6493.82|514069.95
PAYMENT_SCHEDULE	199	7560F44181C1FFEEB535B5C9E41512D189D5B8EC6B8037AB84582286881295C2	3|55|2025-03-20 00:00:00|9248.47|2720.29|6528.18|507541.77
PAYMENT_SCHEDULE	200	2920D41976785A5577FB9E132A264BB52F0814A0902F90ADEDBF077FECD5AA30	3|56|2025-04-20 00:00:00|9248.47|2685.74|6562.73|500979.04
PAYMENT_SCHEDULE	201	3E640A834B491845B3B48B8053F46FD54AF529155F26462BBF212B73433ACD8C	3|57|2025-05-20 00:00:00|9248.47|2651.01|6597.46|494381.58
PAYMENT_SCHEDULE	202	50F811F43F123ABD96A156A800497C65DC977755A07511B9E262661A5D3EF6C7	3|58|2025-06-20 00:00:00|9248.47|2616.10|6632.37|487749.21
PAYMENT_SCHEDULE	203	9E187745EC6D8C8721DABFA08C4C142F2469801A95CFC631C874EEFB9C5E59EE	3|59|2025-07-20 00:00:00|9248.47|2581.01|6667.46|481081.75
PAYMENT_SCHEDULE	204	81CE9C79DB5C1DB6D7B386B76082F50985078B4C5D63CB86BEE9E795FB2C2F59	3|60|2025-08-20 00:00:00|9248.47|2545.72|6702.75|474379.00
PAYMENT_SCHEDULE	205	7DA821C34D481FA3EE492DC55142E693BAB6845805D647F06361D511CEE4FCD8	3|61|2025-09-20 00:00:00|9248.47|2510.26|6738.21|467640.79
PAYMENT_SCHEDULE	206	0607C2AABF08B5755C5EAC8A38F1DA67C1D1ECEE4E6308B7CA84A37CAD3ED3BB	3|62|2025-10-20 00:00:00|9248.47|2474.60|6773.87|460866.92
PAYMENT_SCHEDULE	207	FB5CB327206E9C90F261AE64A83811E33181515DB82AF36E609ED88FBCC51B6B	3|63|2025-11-20 00:00:00|9248.47|2438.75|6809.72|454057.20
PAYMENT_SCHEDULE	208	C8361BB389DCDFEDE84E7BD0283B7B518FFC964969989F87BCEDBAF9C5620185	3|64|2025-12-20 00:00:00|9248.47|2402.72|6845.75|447211.45
PAYMENT_SCHEDULE	209	891DB539B0C3E06DDD3FE8B53855C5D02F8F1AA1308B47405342EB0EA92CC1BC	3|65|2026-01-20 00:00:00|9248.47|2366.49|6881.98|440329.47
PAYMENT_SCHEDULE	210	C454D7F3DAB0867F2FF144BD4E143E8A7A7AC681ACBCE02DD0C6766DB88CFF70	3|66|2026-02-20 00:00:00|9248.47|2330.08|6918.39|433411.08
PAYMENT_SCHEDULE	211	6B94F41AF0BC6C1BCC51BDD2D1580ED9F992281B8E77446A2ECA69E3935B1B90	3|67|2026-03-20 00:00:00|9248.47|2293.47|6955.00|426456.08
PAYMENT_SCHEDULE	212	147505745E9E77463E5D0BD1A562098E2D53BDEF76643731DCC24017AA883E19	3|68|2026-04-20 00:00:00|9248.47|2256.66|6991.81|419464.27
PAYMENT_SCHEDULE	213	97EFF28A04647AF687F5125D74C5D0153E16ADF63040982C039A5FC8A6BAD4EB	3|69|2026-05-20 00:00:00|9248.47|2219.67|7028.80|412435.47
PAYMENT_SCHEDULE	214	42AD0E6F39204D39962780D12CCC82764CE928F4034C239F6DA379C95EB44A7C	3|70|2026-06-20 00:00:00|9248.47|2182.47|7066.00|405369.47
PAYMENT_SCHEDULE	215	ED917AC987FA4AE27CE40ACF5BC2679BCA852F8D74D61EA588BFDEAAAC761B41	3|71|2026-07-20 00:00:00|9248.47|2145.08|7103.39|398266.08
PAYMENT_SCHEDULE	216	7C961830184650E4C1E8E8F95F738A4BBA571478980946DD1EC956A2987153B7	3|72|2026-08-20 00:00:00|9248.47|2107.49|7140.98|391125.10
PAYMENT_SCHEDULE	217	FA8F892A3197F9FC52DA82BC97447DA0E0145862CE0133FBC8E99BD331E90884	3|73|2026-09-20 00:00:00|9248.47|2069.70|7178.77|383946.33
PAYMENT_SCHEDULE	218	6FD86137F77C5D07BE0A8D25405E64729EEBDEDF7E543A1ECD0E0E82C4EAF008	3|74|2026-10-20 00:00:00|9248.47|2031.72|7216.75|376729.58
PAYMENT_SCHEDULE	219	50A0CB478BCBF533BFAB8557C6E455E2EB5C35CF9CF8E8C3495BE55378DEEE2A	3|75|2026-11-20 00:00:00|9248.47|1993.53|7254.94|369474.64
PAYMENT_SCHEDULE	220	7D57A7F17C57D69C94CC1AAED46F7FCF65DB34BC455034ED1BC2BDFB360B1135	3|76|2026-12-20 00:00:00|9248.47|1955.14|7293.33|362181.31
PAYMENT_SCHEDULE	221	C0326780BEC8A6381B5B5C881046D2EE9A4823C725F6A93D5A89BCF51C873B0A	3|77|2027-01-20 00:00:00|9248.47|1916.54|7331.93|354849.38
PAYMENT_SCHEDULE	222	E48B3288AF0B7C50FBDCC3897EBBE082DF0B7D00EBC892E7C50468E2A28C264D	3|78|2027-02-20 00:00:00|9248.47|1877.74|7370.73|347478.65
PAYMENT_SCHEDULE	223	CF22761200A26820A4118D13B62C36D5586CE40883424D177F092D9A9D763992	3|79|2027-03-20 00:00:00|9248.47|1838.74|7409.73|340068.92
PAYMENT_SCHEDULE	224	7B5FA042E9F1AB9DAF42C435706C4A1F58A25058A794CFACDA284F589B641E43	3|80|2027-04-20 00:00:00|9248.47|1799.53|7448.94|332619.98
PAYMENT_SCHEDULE	225	B05DE5C2CC8A8EF3CD27D7A3B23EF70E32D59F64ABCBF8D5D0626F5272DC853E	3|81|2027-05-20 00:00:00|9248.47|1760.11|7488.36|325131.62
PAYMENT_SCHEDULE	226	F88E3DC66AC4D6CC77580077021FCD3CA76C090570EF9BD06072E6B2EEDB595E	3|82|2027-06-20 00:00:00|9248.47|1720.49|7527.98|317603.64
PAYMENT_SCHEDULE	227	D4A332A4A8A10083004CC6FFA1E47E4388A21AF65A9BD8C8FFCE60AC99D50598	3|83|2027-07-20 00:00:00|9248.47|1680.65|7567.82|310035.82
PAYMENT_SCHEDULE	228	DCFA347200804A20E4210952E65C07DE398DA3A522E21D3B1903E6B9521D72FC	3|84|2027-08-20 00:00:00|9248.47|1640.61|7607.86|302427.96
PAYMENT_SCHEDULE	229	CA11D9F33F031B95236BD5A644112A02B2F3FC648DEA145E524EFED3EF015C63	3|85|2027-09-20 00:00:00|9248.47|1600.35|7648.12|294779.84
PAYMENT_SCHEDULE	230	17B3F8ABFD92CD1224941DA4B7D00FA58FAC8A422662D1D38777F5CC61533793	3|86|2027-10-20 00:00:00|9248.47|1559.88|7688.59|287091.25
PAYMENT_SCHEDULE	231	884DD453F5FAF744BFCB065EE09C46D7721E7E1470C61B0CB4BC94BCF36E7257	3|87|2027-11-20 00:00:00|9248.47|1519.19|7729.28|279361.97
PAYMENT_SCHEDULE	232	86FA4EF7051892846C2B2EEA907B386040220EC76CAA0A91A04FF9C32AE6ED34	3|88|2027-12-20 00:00:00|9248.47|1478.29|7770.18|271591.79
PAYMENT_SCHEDULE	233	365E2D3F491E48818A10D52A1A9A056B351477CFA9C67F4AA7035BED345FA16A	3|89|2028-01-20 00:00:00|9248.47|1437.17|7811.30|263780.49
PAYMENT_SCHEDULE	234	FAB892DC62866D19178EC65225F908B59BE164CFB3668A3F0509EC5F608F55B8	3|90|2028-02-20 00:00:00|9248.47|1395.84|7852.63|255927.86
PAYMENT_SCHEDULE	235	9F97803A9FC0DA9675188B94CF57292DA826EB6F3943852F03E369DD8F6FD228	3|91|2028-03-20 00:00:00|9248.47|1354.28|7894.19|248033.67
PAYMENT_SCHEDULE	236	B2BAE3677F19F865140621DC855B6CC7AB364F6ABEAC4C85DEA6CFC12132A29A	3|92|2028-04-20 00:00:00|9248.47|1312.51|7935.96|240097.71
PAYMENT_SCHEDULE	237	8A57EA86DDDA3B101610CD960719D4636824364B88C02DA1B837DCB663AA2833	3|93|2028-05-20 00:00:00|9248.47|1270.52|7977.95|232119.76
PAYMENT_SCHEDULE	238	AB01DFF6D3B2978996A081050481397063D5A9ABA7D2C802B5C001AFFBD46129	3|94|2028-06-20 00:00:00|9248.47|1228.30|8020.17|224099.59
PAYMENT_SCHEDULE	239	75FE4273A8287D2A022920F4DC6241BA6D8979BB8B1D03A4686D0F5F4D591F42	3|95|2028-07-20 00:00:00|9248.47|1185.86|8062.61|216036.98
PAYMENT_SCHEDULE	240	030D6D389D884B3A3EDEC36D345331102121ABC7A62F8B90DEC79E0BE3B83316	3|96|2028-08-20 00:00:00|9248.47|1143.20|8105.27|207931.71
PAYMENT_SCHEDULE	241	AEAFF3B10A941AC73B6810976A84E2A3F76B33E4384C88AFA21945224ED56F4B	3|97|2028-09-20 00:00:00|9248.47|1100.31|8148.16|199783.55
PAYMENT_SCHEDULE	242	98809AEB132BF06BEFCF318E5CB3D3881AF9BE6C237DDADCBB7595B8AAFCC20B	3|98|2028-10-20 00:00:00|9248.47|1057.19|8191.28|191592.27
PAYMENT_SCHEDULE	243	7B0C94C05C69988830C9806BA372081F45BD7FCB2E08D7AB08A4531F56B34F91	3|99|2028-11-20 00:00:00|9248.47|1013.84|8234.63|183357.64
PAYMENT_SCHEDULE	244	AE61AECA9F54D6193253A48CF2295AFEF3B8BE983DC2B33FE7B70DCEA8B5EEA8	3|100|2028-12-20 00:00:00|9248.47|970.27|8278.20|175079.44
PAYMENT_SCHEDULE	245	E828264A447262C8D461544F44942FEA261E2E6D174B531A3E71F728102F744B	3|101|2029-01-20 00:00:00|9248.47|926.46|8322.01|166757.43
PAYMENT_SCHEDULE	246	3F50316E4C1CD6A4ADA4E93A2F08029150148980F31F160548521B22D962DEA0	3|102|2029-02-20 00:00:00|9248.47|882.42|8366.05|158391.38
PAYMENT_SCHEDULE	247	05286946CD269311E85B79C56DD4CDCD9A638D7868FA566539BE22638300306C	3|103|2029-03-20 00:00:00|9248.47|838.15|8410.32|149981.06
PAYMENT_SCHEDULE	248	8A2FC151099BC06E7769A57F9F7A7274F72422DF61454117BDD3570C2314C6DC	3|104|2029-04-20 00:00:00|9248.47|793.65|8454.82|141526.24
PAYMENT_SCHEDULE	249	DDA6F792FACF4464072D164FEC0CEBA5102F70C03429A06B88DE433685E3855D	3|105|2029-05-20 00:00:00|9248.47|748.91|8499.56|133026.68
PAYMENT_SCHEDULE	250	7B7E570AC3D51C36D2D9FF88BE33400250835D6B2330305E8850AE4E50E57709	3|106|2029-06-20 00:00:00|9248.47|703.93|8544.54|124482.14
PAYMENT_SCHEDULE	251	91566E3D921A63FA178AC580C3D38130C648AB4C7097ED7B982F1C5C1110A020	3|107|2029-07-20 00:00:00|9248.47|658.72|8589.75|115892.39
PAYMENT_SCHEDULE	252	9021061113F368306C54E203A709D6ACDB20FC19A0BF28F60C463F480E56EE26	3|108|2029-08-20 00:00:00|9248.47|613.26|8635.21|107257.18
PAYMENT_SCHEDULE	253	159E9624F856FE2442B44821E243E767CF2875685CE54002AEC48BCA3C9A0F09	3|109|2029-09-20 00:00:00|9248.47|567.57|8680.90|98576.28
PAYMENT_SCHEDULE	254	C68A418AC9312C2BB1162457417E6E3B7C9E19252572ED316C62A0B113BA8F07	3|110|2029-10-20 00:00:00|9248.47|521.63|8726.84|89849.44
PAYMENT_SCHEDULE	255	A3FCEB17ECA50D7BC31F752F4A5D4F66353C5BF12F7D893911681E3E205FC0D6	3|111|2029-11-20 00:00:00|9248.47|475.45|8773.02|81076.42
PAYMENT_SCHEDULE	256	5706C3E71F73FD2644E5FE54642DF958986657DE552FBE074DF679FE8575F6DC	3|112|2029-12-20 00:00:00|9248.47|429.03|8819.44|72256.98
PAYMENT_SCHEDULE	257	093B222EBD84175669975E78F88036DFDF4BB49795E791EBD45C7F9A86B64833	3|113|2030-01-20 00:00:00|9248.47|382.36|8866.11|63390.87
PAYMENT_SCHEDULE	258	9888086AE766ADC85C653A5DE275EBCBB11FF1D057D91CADFDD2B99C8E497AE2	3|114|2030-02-20 00:00:00|9248.47|335.44|8913.03|54477.84
PAYMENT_SCHEDULE	259	EAE7078D051DB98707A486B5AB00CA5AFDD30EEE88A2FCD16317F6829393706F	3|115|2030-03-20 00:00:00|9248.47|288.28|8960.19|45517.65
PAYMENT_SCHEDULE	260	E9F9525DDCDCE73D5E84518072DECD8ED0BEB0567EE40FE63E4A71CF35DAB2CB	3|116|2030-04-20 00:00:00|9248.47|240.86|9007.61|36510.04
PAYMENT_SCHEDULE	261	B6C42704B049ABBF73AE385B924D16DBFD4619496990DA6AA6A2EF30135576DA	3|117|2030-05-20 00:00:00|9248.47|193.20|9055.27|27454.77
PAYMENT_SCHEDULE	262	3A025ABE5EDB8D0EDB3B6393BB6150EB9F8FEDAE40169DB940CA3859EAED09F6	3|118|2030-06-20 00:00:00|9248.47|145.28|9103.19|18351.58
PAYMENT_SCHEDULE	263	1537F9F88982508A51CD976278E61C23DD452A94496B85EEB2567372412CE797	3|119|2030-07-20 00:00:00|9248.47|97.11|9151.36|9200.22
PAYMENT_SCHEDULE	264	41542AFEB7E50D37F9F2826FE0861161BD29BACB44F55985218B67B7038DF2BC	3|120|2030-08-20 00:00:00|9248.90|48.68|9200.22|0.00
PAYMENT_SCHEDULE	265	AE34CA6C85666125B8AA46CBC83C989011ED5DA61C64E82BDAC594AFED586487	4|1|2023-04-10 00:00:00|7719.27|1458.33|6260.94|243739.06
PAYMENT_SCHEDULE	266	5914F053E344C6B084353CE66793FED00BA6A8C07E0986BE9B4E09479D0569D0	4|2|2023-05-10 00:00:00|7719.27|1421.81|6297.46|237441.60
PAYMENT_SCHEDULE	267	1491C6CDE5C4E28CE1D4204BB5607BCBA81000460B703E5C4FFBDF80FFF6662B	4|3|2023-06-10 00:00:00|7719.27|1385.08|6334.19|231107.41
PAYMENT_SCHEDULE	268	B2DD4F4428E0221D881C6B9583322E5621C37D6717A75DA09A914CCCB2143657	4|4|2023-07-10 00:00:00|7719.27|1348.13|6371.14|224736.27
PAYMENT_SCHEDULE	269	F0D778E4CB0FD6211BD5EDEBC517B9A65C4C3CF2F5FF628DD99D7240478B59BF	4|5|2023-08-10 00:00:00|7719.27|1310.96|6408.31|218327.96
PAYMENT_SCHEDULE	270	CDC20ED623DC7BBE24CDBD77D6D90B49295DD920A41F025303EBCDB9D33925ED	4|6|2023-09-10 00:00:00|7719.27|1273.58|6445.69|211882.27
PAYMENT_SCHEDULE	271	5864D7D6F4BDE876C933A28A15071A9629755F41D1EC087EB3C8BDAF04C83C10	4|7|2023-10-10 00:00:00|7719.27|1235.98|6483.29|205398.98
PAYMENT_SCHEDULE	272	0907945A296C8FDFEDFE089259C877ED58B4B067D22D98CA876E317927A078F0	4|8|2023-11-10 00:00:00|7719.27|1198.16|6521.11|198877.87
PAYMENT_SCHEDULE	273	0E42B0CE20E6DF1CE34545517C344B96EB535C74994BAE7DF93D1153ABAC71FD	4|9|2023-12-10 00:00:00|7719.27|1160.12|6559.15|192318.72
PAYMENT_SCHEDULE	274	086E0F5F650F395BC2DC1B103B4C772978CA852B0B90A0F6EC963594A3CB42CC	4|10|2024-01-10 00:00:00|7719.27|1121.86|6597.41|185721.31
PAYMENT_SCHEDULE	275	F925199BDD27C7BCD8CB1C7D625CFAFFFCE7E91C5B92F3A633CDB1258ED278AA	4|11|2024-02-10 00:00:00|7719.27|1083.37|6635.90|179085.41
PAYMENT_SCHEDULE	276	028AAF0A6178F3EB8924BF2369FD6DC7D6A5015BE743BE6BAAAFE4BA81A9568F	4|12|2024-03-10 00:00:00|7719.27|1044.66|6674.61|172410.80
PAYMENT_SCHEDULE	277	23E6028D75B4F7176C8A29F1EE13354C9AA2F56E5DC25F783EBF4A17064E0ADB	4|13|2024-04-10 00:00:00|7719.27|1005.73|6713.54|165697.26
PAYMENT_SCHEDULE	278	CDA5AF08DD5C7D72D115D27D9B02A795E1FB44825593F3CC901D9D428884F408	4|14|2024-05-10 00:00:00|7719.27|966.57|6752.70|158944.56
PAYMENT_SCHEDULE	279	5B822EA6DF59ABF742E59A06FA44DD28972F27FFBBE11D637DDFAB1BF2E070EB	4|15|2024-06-10 00:00:00|7719.27|927.18|6792.09|152152.47
PAYMENT_SCHEDULE	280	251B060EE4E2D1F4B9FFE5007C98C0255100B68E2B0E387A8A6CDF6D74C15ABA	4|16|2024-07-10 00:00:00|7719.27|887.56|6831.71|145320.76
PAYMENT_SCHEDULE	281	C228E1AF707248E1A2641D089B3F0C25B348BCADDC59C88FA26A187E75708591	4|17|2024-08-10 00:00:00|7719.27|847.70|6871.57|138449.19
PAYMENT_SCHEDULE	282	6D2DC5EE240AEBEC13B07D1858E4ED28B3B29D90D9A930F6D8B9626A42C627C6	4|18|2024-09-10 00:00:00|7719.27|807.62|6911.65|131537.54
PAYMENT_SCHEDULE	283	899275938E595024365C567411770D049F4F740E6E6B5CD3B0672F3E31C3E7DA	4|19|2024-10-10 00:00:00|7719.27|767.30|6951.97|124585.57
PAYMENT_SCHEDULE	284	05DDE6CA819E8DC0A6555C2469F748A369A2A66B1D6EBB00B4C19C424638C27E	4|20|2024-11-10 00:00:00|7719.27|726.75|6992.52|117593.05
PAYMENT_SCHEDULE	285	2AEB87DD578D1386530D80DC52CFE5724102C72FF438732D61D69F348759DFE9	4|21|2024-12-10 00:00:00|7719.27|685.96|7033.31|110559.74
PAYMENT_SCHEDULE	286	47D4854B095DB694C6E6BA91E5C35D5ED1C81C8F3058A8B37696186FFFD29240	4|22|2025-01-10 00:00:00|7719.27|644.93|7074.34|103485.40
PAYMENT_SCHEDULE	287	4A64EB84DCA1865241744BEC2CC6ECA041E24ED1DDB7423FD77C093533E0BC3B	4|23|2025-02-10 00:00:00|7719.27|603.66|7115.61|96369.79
PAYMENT_SCHEDULE	288	C9DC584F464C4B053193EA21709DEADB271C487A7843392FA5A1C23FA733548A	4|24|2025-03-10 00:00:00|7719.27|562.16|7157.11|89212.68
PAYMENT_SCHEDULE	289	357B357A189A3C35C870C821EB609BA0ECAFE5DBA67C237457D2F9D15F9D0815	4|25|2025-04-10 00:00:00|7719.27|520.41|7198.86|82013.82
PAYMENT_SCHEDULE	290	9E8DA905F68ACBED6743E0D7E73C9AFA2B2FE25DD80FDDA6358D2F9CF647071A	4|26|2025-05-10 00:00:00|7719.27|478.41|7240.86|74772.96
PAYMENT_SCHEDULE	291	82482FC50D2D3241791D773F1D2260C88241DB3AFD3CFC266B0B8B8843022B40	4|27|2025-06-10 00:00:00|7719.27|436.18|7283.09|67489.87
PAYMENT_SCHEDULE	292	292923AEAB03959722261D0F4A80D61588F180ECFDCD7127C3B5B76763548167	4|28|2025-07-10 00:00:00|7719.27|393.69|7325.58|60164.29
PAYMENT_SCHEDULE	293	3D8551D6043F12B837D5BD91F153D5B838C646F1D586E5E2C14859D3690D6498	4|29|2025-08-10 00:00:00|7719.27|350.96|7368.31|52795.98
PAYMENT_SCHEDULE	294	B5E1744796A1F68B5E94B4BE3C3B2C8C89D700E6782C7C685A404471D0B1664C	4|30|2025-09-10 00:00:00|7719.27|307.98|7411.29|45384.69
PAYMENT_SCHEDULE	295	5338EFC1D5ECD7235672E7C9D14CBD29F9BF7B76617D7D39D9267621E5144F9E	4|31|2025-10-10 00:00:00|7719.27|264.74|7454.53|37930.16
PAYMENT_SCHEDULE	296	1A2EC4C27263D93D4EE0914921AB6278AE9A89299A959AAD9530F18E82CC1CA4	4|32|2025-11-10 00:00:00|7719.27|221.26|7498.01|30432.15
PAYMENT_SCHEDULE	297	F37680ABDFDABFEA260B897C493B21FE86B6234EF8E08C1DBEAD45B311A29110	4|33|2025-12-10 00:00:00|7719.27|177.52|7541.75|22890.40
PAYMENT_SCHEDULE	298	57AE17BD0D9B005F9D164AA8D3786B38AEBEA31A92F99B572F178C4D0F669A01	4|34|2026-01-10 00:00:00|7719.27|133.53|7585.74|15304.66
PAYMENT_SCHEDULE	299	B1C22BDAD131107965F32E07933FDCD0F42C763EA7FC030A04F0B05279637DDD	4|35|2026-02-10 00:00:00|7719.27|89.28|7629.99|7674.67
PAYMENT_SCHEDULE	300	17D32281724CF33BCDEEA011C94063E7554024993BDA8E2093E5F389405B5D3C	4|36|2026-03-10 00:00:00|7719.44|44.77|7674.67|0.00
PAYMENT_SCHEDULE	301	C705870AD5A7315E2C187373ED4B55954F0D1D0046A90193FDFAD6E1E9C5004B	5|1|2022-01-01 00:00:00|5480.83|2144.17|3336.66|306663.34
PAYMENT_SCHEDULE	302	75520CB93217CA125DB4970ED7024D7F5E63BF4AB790D557206428BA5FEB061B	5|2|2022-02-01 00:00:00|5480.83|2121.09|3359.74|303303.60
PAYMENT_SCHEDULE	303	9E79E135F6E6D95040A0F4F4B730ED0DE05289D833F3ECCB13195DD504D3B894	5|3|2022-03-01 00:00:00|5480.83|2097.85|3382.98|299920.62
PAYMENT_SCHEDULE	304	5F3F8078FA633892FE8368B5790305DB94DC9AFAC7AED9A81F07334623AD1A52	5|4|2022-04-01 00:00:00|5480.83|2074.45|3406.38|296514.24
PAYMENT_SCHEDULE	305	7F54CC6CECEF4566976C895228CEFCD95B6180FBD3A7FB9BE74F0738D9D2BFB0	5|5|2022-05-01 00:00:00|5480.83|2050.89|3429.94|293084.30
PAYMENT_SCHEDULE	306	F0132024951E6DC3E554C4735A1A45D36C14A0D6CDF84335121896E1BB0C32B9	5|6|2022-06-01 00:00:00|5480.83|2027.17|3453.66|289630.64
PAYMENT_SCHEDULE	307	ACD52E3DEE75F97D05511657A1AE8C9DDC693D5EA4D5283D0E52B1037765235E	5|7|2022-07-01 00:00:00|5480.83|2003.28|3477.55|286153.09
PAYMENT_SCHEDULE	308	F3284AD6BBB59546169649DAAC27014969677ED2031C6DC00384C939E19C0D74	5|8|2022-08-01 00:00:00|5480.83|1979.23|3501.60|282651.49
PAYMENT_SCHEDULE	309	9E1ACA26B95A45520C04A463C64D58029D2E7A2D7A19432B12D58341D3449891	5|9|2022-09-01 00:00:00|5480.83|1955.01|3525.82|279125.67
PAYMENT_SCHEDULE	310	8632AC0FDD415C50AFAB832E9B635BBFF676A5AFC3C5FCCA742FC8F25A6F1A35	5|10|2022-10-01 00:00:00|5480.83|1930.62|3550.21|275575.46
PAYMENT_SCHEDULE	311	248A1C9F78FF49195F4092A893E1B2F43ECBEC1A4808688ADB19AF49AFDF3E5F	5|11|2022-11-01 00:00:00|5480.83|1906.06|3574.77|272000.69
PAYMENT_SCHEDULE	312	FDB762B73AA861B1A633006B171AE8AA3D610DE097AE4C4116721EC4348CE6F4	5|12|2022-12-01 00:00:00|5480.83|1881.34|3599.49|268401.20
PAYMENT_SCHEDULE	313	112D21E53A8AED15966501B16FE51F866E94CC3CF3173F7C2718A435038049B2	5|13|2023-01-01 00:00:00|5480.83|1856.44|3624.39|264776.81
PAYMENT_SCHEDULE	314	E546239EAA88C652FA6DC9DF587EE502CBD94D75E081199FA7A414787B735545	5|14|2023-02-01 00:00:00|5480.83|1831.37|3649.46|261127.35
PAYMENT_SCHEDULE	315	4B81A54A6C00F5CAE15C9246CA23AFDF42E5118043B39B3791396BC2F744A65A	5|15|2023-03-01 00:00:00|5480.83|1806.13|3674.70|257452.65
PAYMENT_SCHEDULE	316	8D8094FBB84F49CE0963C7FAD61145CF2C700853FA631C84E2E85EFC53C0AF5D	5|16|2023-04-01 00:00:00|5480.83|1780.71|3700.12|253752.53
PAYMENT_SCHEDULE	317	4AF863665E174AA009F9C0923704808369140C095605696C95BF3329D3975089	5|17|2023-05-01 00:00:00|5480.83|1755.12|3725.71|250026.82
PAYMENT_SCHEDULE	318	38F1C671CCED29A02991C145AB449E7F1BBEB5BE4D0C107991C9F84ECD8B74D8	5|18|2023-06-01 00:00:00|5480.83|1729.35|3751.48|246275.34
PAYMENT_SCHEDULE	319	A5F4FBBB9A365987FF2DC85868DDAE196B35E7DDD53BF3336D58980E664D9CB6	5|19|2023-07-01 00:00:00|5480.83|1703.40|3777.43|242497.91
PAYMENT_SCHEDULE	320	3992F931C8213D986F11E17BA7BEFE2BAEBB2CACDFEA5F214FC8C49F2C8A00B5	5|20|2023-08-01 00:00:00|5480.83|1677.28|3803.55|238694.36
PAYMENT_SCHEDULE	321	9AF5D51C1A1ED11AE63CF25E164C7B726B58F06E77382DB6C0E082390C48A66A	5|21|2023-09-01 00:00:00|5480.83|1650.97|3829.86|234864.50
PAYMENT_SCHEDULE	322	12DC6F6843E2F6D6281B289FD52E0C8BFD28EC34D98C88CF46E5BCDC0CB1262E	5|22|2023-10-01 00:00:00|5480.83|1624.48|3856.35|231008.15
PAYMENT_SCHEDULE	323	412DDC7D143E073357C0A44A885A018B05FB30EA60FC20FAFD9C638331FE0DB4	5|23|2023-11-01 00:00:00|5480.83|1597.81|3883.02|227125.13
PAYMENT_SCHEDULE	324	04B84905FC68A0FB21AA9C938564EC6156FC763A67F76D769C63AB81B0951385	5|24|2023-12-01 00:00:00|5480.83|1570.95|3909.88|223215.25
PAYMENT_SCHEDULE	325	81562D92FBD4686D5B9535EB3700507C51926A134125484BEA19647AD4791114	5|25|2024-01-01 00:00:00|5480.83|1543.91|3936.92|219278.33
PAYMENT_SCHEDULE	326	023AE349E93320B62C461FB3E2689C46EBD7F8190999DEE0BC649FD97AFAD3F5	5|26|2024-02-01 00:00:00|5480.83|1516.68|3964.15|215314.18
PAYMENT_SCHEDULE	327	B46FEACF7015E778974148DFBBF9C3A00A8EDAA9BD5C1CEC9694C7E3AF8D5895	5|27|2024-03-01 00:00:00|5480.83|1489.26|3991.57|211322.61
PAYMENT_SCHEDULE	328	842EC8009676926B3A5C44911D003E9EA1150B6C5D0FAB9415F90BA7DAF9ED84	5|28|2024-04-01 00:00:00|5480.83|1461.65|4019.18|207303.43
PAYMENT_SCHEDULE	329	9C069AA1B1164930C59EA46D2D15E5B9363EF14C2D88EA8E5C9B21F75BE86ACB	5|29|2024-05-01 00:00:00|5480.83|1433.85|4046.98|203256.45
PAYMENT_SCHEDULE	330	4F233A340A7946FEDB5124696CD3D38CFE9C9509550EE30AF79F0919D5F867E2	5|30|2024-06-01 00:00:00|5480.83|1405.86|4074.97|199181.48
PAYMENT_SCHEDULE	331	F7CD1CC1BD308FA68EA7ED304FBF9CC01E8E50D5E750E7B9585204B789EFE062	5|31|2024-07-01 00:00:00|5480.83|1377.67|4103.16|195078.32
PAYMENT_SCHEDULE	332	A49882A09997C488260D9C406323A23ED02E28BDFE17859C67ECD4B95EB20A50	5|32|2024-08-01 00:00:00|5480.83|1349.29|4131.54|190946.78
PAYMENT_SCHEDULE	333	D89D4C40C71CB9F662A094B6F4C141D358515F9EB29DA8BA779C26D542514AEC	5|33|2024-09-01 00:00:00|5480.83|1320.72|4160.11|186786.67
PAYMENT_SCHEDULE	334	8FFCCCA1C68FE7F0AB41D2566BC0860A9FFB8E329AA34DA4D857080264C175D5	5|34|2024-10-01 00:00:00|5480.83|1291.94|4188.89|182597.78
PAYMENT_SCHEDULE	335	FB5C1C451AFB5365FCC882714BF0EEA5376387EFB4F9A140C45C4923B7D5D8D1	5|35|2024-11-01 00:00:00|5480.83|1262.97|4217.86|178379.92
PAYMENT_SCHEDULE	336	1C049AA17884315DC05D4CFF964D7B3171E720E49795EF755F0514857738C255	5|36|2024-12-01 00:00:00|5480.83|1233.79|4247.04|174132.88
PAYMENT_SCHEDULE	337	FF4A15001099B8C04AC9850ECC36FB58E79A70109045A10438226918444B2754	5|37|2025-01-01 00:00:00|5480.83|1204.42|4276.41|169856.47
PAYMENT_SCHEDULE	338	DBB5D07C080188D0B220B08029168BD6A7928C901967435083E41012D0A6991A	5|38|2025-02-01 00:00:00|5480.83|1174.84|4305.99|165550.48
PAYMENT_SCHEDULE	339	B6FC365F17E67AD72970E64F9D9252EA58C1AC1F27E309E463F13C9C49D03C75	5|39|2025-03-01 00:00:00|5480.83|1145.06|4335.77|161214.71
PAYMENT_SCHEDULE	340	2C5E88BAD246CB7D34112D0ABAC2EA3210939C914AF1E178C9560B0C69C2913E	5|40|2025-04-01 00:00:00|5480.83|1115.07|4365.76|156848.95
PAYMENT_SCHEDULE	341	E5E762CBD4AC9EF10C919BE94E141CA1471E90B913CBA3AFA93B579547AD852A	5|41|2025-05-01 00:00:00|5480.83|1084.87|4395.96|152452.99
PAYMENT_SCHEDULE	342	1DAF888CC0EF7ED9AA17DAB112528E6A130D3B8C7BC95676553F45B25C6E6846	5|42|2025-06-01 00:00:00|5480.83|1054.47|4426.36|148026.63
PAYMENT_SCHEDULE	343	09158F1AE2DD315D7CE1324BEA43B488FB59BD2A70D771794D2CC2F7BD561E70	5|43|2025-07-01 00:00:00|5480.83|1023.85|4456.98|143569.65
PAYMENT_SCHEDULE	344	D7316B2735C75EDAB402906ED027A2BB5DDE100887B894F4676DC160DF90120A	5|44|2025-08-01 00:00:00|5480.83|993.02|4487.81|139081.84
PAYMENT_SCHEDULE	345	86C0419EE908636865ADE3F8B50D7234E9B497D1EA46C86F97A3445A2EF9CCD2	5|45|2025-09-01 00:00:00|5480.83|961.98|4518.85|134562.99
PAYMENT_SCHEDULE	346	20F79A9471AB053A34714D85F8E15729643A2F50F81CE14A55A55F1FD7B7F987	5|46|2025-10-01 00:00:00|5480.83|930.73|4550.10|130012.89
PAYMENT_SCHEDULE	347	68ABFACFA6593C401FC19C34CB1541D801C98AE153D29C72ED5D126C376B013B	5|47|2025-11-01 00:00:00|5480.83|899.26|4581.57|125431.32
PAYMENT_SCHEDULE	348	38744E8D6785ADA7C3D4BECDE3468F6BCB31137D971E1127D923F29A6ACB3FAB	5|48|2025-12-01 00:00:00|5480.83|867.57|4613.26|120818.06
PAYMENT_SCHEDULE	349	635E7140520B7FCD2E164672E89F09175C5B78DF63471145D294C3185D8B2428	5|49|2026-01-01 00:00:00|5480.83|835.66|4645.17|116172.89
PAYMENT_SCHEDULE	350	36BE5CD79693505FBDBF07DF441C0D2175AB40B51B5EF30237AE5767273EA730	5|50|2026-02-01 00:00:00|5480.83|803.53|4677.30|111495.59
PAYMENT_SCHEDULE	351	90EDD6C8E0DC2D9D1C6EE91213785BE14413699FC6244AFBF1538F2BFD517C9A	5|51|2026-03-01 00:00:00|5480.83|771.18|4709.65|106785.94
PAYMENT_SCHEDULE	352	71F1D84D06120FE1C049AB7033AF64F993B9C2890C1B36AA2AF0CEE7693A74EC	5|52|2026-04-01 00:00:00|5480.83|738.60|4742.23|102043.71
PAYMENT_SCHEDULE	353	E9FCAF8A8B9DD2543107FCEDD55C91C7F69ECE73BC10C1F12751A1296CE50A50	5|53|2026-05-01 00:00:00|5480.83|705.80|4775.03|97268.68
PAYMENT_SCHEDULE	354	C9F0E7A282AFBADAFFDC3357A865233495AC41BCEFBD0FCDE700F241A3ECEF94	5|54|2026-06-01 00:00:00|5480.83|672.78|4808.05|92460.63
PAYMENT_SCHEDULE	355	A2868FE1D2A1CC2EBAB0FAA89063D90352DD87322EC82203862879019119A8D8	5|55|2026-07-01 00:00:00|5480.83|639.52|4841.31|87619.32
PAYMENT_SCHEDULE	356	A404A1206FF7E7517EAFFD8CA3D05DE1E7DB2E6DF51EA2E48C3A8B0D2C499375	5|56|2026-08-01 00:00:00|5480.83|606.03|4874.80|82744.52
PAYMENT_SCHEDULE	357	C6B6BED66774B0D9FDBD58CFBBB9E2E337A3FDCAD2AF4FC8E95C3A940567664E	5|57|2026-09-01 00:00:00|5480.83|572.32|4908.51|77836.01
PAYMENT_SCHEDULE	358	09573CE1916892301E9390AF30CEF45FF459C6FA630FB56BD8D10CF0CC8BA3E1	5|58|2026-10-01 00:00:00|5480.83|538.37|4942.46|72893.55
PAYMENT_SCHEDULE	359	3D82C5994C395DBB248C8B2C76B8B882B6B25BEAB8E7D577F09886DE55B4F0CB	5|59|2026-11-01 00:00:00|5480.83|504.18|4976.65|67916.90
PAYMENT_SCHEDULE	360	FBC88056DA82D5A66804F8C9D6446D4BE8DE849677F1F8800856DAE81E941949	5|60|2026-12-01 00:00:00|5480.83|469.76|5011.07|62905.83
PAYMENT_SCHEDULE	361	8CA733D13B21C83179D999528EEA67F9B450342991EC409298F7E9DB5A36304C	5|61|2027-01-01 00:00:00|5480.83|435.10|5045.73|57860.10
PAYMENT_SCHEDULE	362	131D34C22226ECADEDFEDA9C8BC4F9B91C97A7E6B6C8ADC7FE3FC4746E35DBFD	5|62|2027-02-01 00:00:00|5480.83|400.20|5080.63|52779.47
PAYMENT_SCHEDULE	363	9683FC84B1F4E7474A06D5D65FB42D00B7EBC49DF1EBD4FA08DF72A2EC92FB6D	5|63|2027-03-01 00:00:00|5480.83|365.06|5115.77|47663.70
PAYMENT_SCHEDULE	364	7F4F8435702E3164903333B565A4CF214710D57D6E5372B601601A7D11931DD1	5|64|2027-04-01 00:00:00|5480.83|329.67|5151.16|42512.54
PAYMENT_SCHEDULE	365	7EE046534DEABB2848E8D0E2D65670DECF17DBE9C8864C51DD9BB33DF74DA6B9	5|65|2027-05-01 00:00:00|5480.83|294.05|5186.78|37325.76
PAYMENT_SCHEDULE	366	BE4C0B4100F8BC746676F3E018067E958A3C9D4C255451ED7D17441413AF20DB	5|66|2027-06-01 00:00:00|5480.83|258.17|5222.66|32103.10
PAYMENT_SCHEDULE	367	ED8CB0EFAACEFDE3782E10FE5AC31BE9BEF94B8F0762821BD8151F2DA7B161B9	5|67|2027-07-01 00:00:00|5480.83|222.05|5258.78|26844.32
PAYMENT_SCHEDULE	368	C21F582CD0E6D1C3E2DD7C1C1A7A35F78CE90B3CA863B0564528D37DAD667C98	5|68|2027-08-01 00:00:00|5480.83|185.67|5295.16|21549.16
PAYMENT_SCHEDULE	369	550C7C57A8215B2A4C4990C29E1A7D1A4CC8D85097D8ACA07160E3EB376D91D1	5|69|2027-09-01 00:00:00|5480.83|149.05|5331.78|16217.38
PAYMENT_SCHEDULE	370	452D36A5AC52A18B2B91B61C5B129E5B9F05E207518DDEEA08631B4DBB49FA31	5|70|2027-10-01 00:00:00|5480.83|112.17|5368.66|10848.72
PAYMENT_SCHEDULE	371	19E298BCA9025C0157FDF8FED40316EF109B10BDFD57FF66FEA98B76FD99F95D	5|71|2027-11-01 00:00:00|5480.83|75.04|5405.79|5442.93
PAYMENT_SCHEDULE	372	D289B562D41A3F7A44CB53FD1541DB226E09351F93829B5F4FBDA7033DE10700	5|72|2027-12-01 00:00:00|5480.58|37.65|5442.93|0.00
PAYMENT_SCHEDULE	CHAIN	51453DBD8EB91C765B1D3FBD30C0A432B407CAC91EF782FA06F9121B7B59E6D9	row_count=372
PAYMENT	1	934176BA7AD531FDD6048340F081E76854F1F0B7FD0E3B19D261C59E45BFF987	90001|2|1|2022-03-04 00:00:00|3563.79|3|0.00
PAYMENT	2	059EAFDD100013B40CD76B5F2A2B77F49C2F71AC5744D392619683FBE4CDED01	90002|2|2|2022-04-15 00:00:00|3563.79|14|150.00
PAYMENT	3	E7E25EC1B00463D36632A303044F782EFBBF66657CF33D157C5BDFC9AE81D1D5	90003|2|3|2022-05-02 00:00:00|3563.79|1|0.00
PAYMENT	4	28C0BE653EAC8E752EC79CD28DF56134BA6AC660427D22CA85AC4BA146F1F68C	90004|1|1|2021-06-01 00:00:00|6851.30|0|0.00
PAYMENT	5	B282CBCA190E34A1F918301FF8318535F70FC6862A1D7CFDE76D06484AEEE9DF	90005|1|2|2021-07-01 00:00:00|6851.30|0|0.00
PAYMENT	CHAIN	0073702456B38BD3583B1AECB543DE110038E4FE2163661BCA0E17D808D7D43C	row_count=5
